tweets,sentiment
"The only reason the iPhone stands out is its security; it is very rare to find any application getting hacked on an iPhone. For features and camera, many Android phones are better and lower priced.",neutral
"Its all a matter of choice, there are things that both the iPhone and an android are good and bad at. Its best to have both.",neutral
doing iPhone vs Android sigh,neutral
"We should now introduce app multitasking on our iPhone 18 series, like Android devices",positive
Android gives way more flexibility and options.,positive
"It's crazy how much nicer Android is to use than iOS... Better notifications, better typing, better AI, better back gesture integration, better usability for large displays. Android generally gets the basics right...",positive
"Flagship Android is miles better than iPhone... way better gaming performance, leagues ahead of camera performance, fast wired & wireless charging, and an open ecosystem.",positive
As someone whos always switching between both? If youre looking for flexibility... use an android. If youre looking for seamless integration... use an iPhone. Androids are generally better than iPhones.,neutral
The fact is iPhone will always have the better app quality. Better 3rd party widgets/shortcuts on lockscreen. Better 3rd party live activities. Android has better cameras but apple can catchup... but android will never be able to match the app quality.,negative
"Androids have: Ultimate Customization, Insane Fast Charging... True split-screen... Sideloading & Freedom... Diverse Price Points. So why are you still using an iPhone?",positive
"Yep, i've been using both android/iPhone daily for 2+yrs Android UI is superior, iPhone camera is superior  the iPhone keyboard/autocorrect is atrocious",neutral
Android is better than iPhone btw,positive
"Androids have: Ultimate Customization, Insane Fast Charging, Next-Gen Displays, The best Camera Hardware, Solid State Batteries, Universal File Management, Unbeatable Multitasking, True split-screen and floating windows, From 100x Space Zoom to foldable and flip phones, Sideloading & Freedom, Better Notification Handling, Diverse Price Points. So why are you still using an iPhone?",positive
"Yep, i've been using both android/iPhone daily for 2+yrs... Android UI is superior, iPhone camera is superior - the iPhone keyboard/autocorrect is atrocious",neutral
I think the discussion about android vs iphone in 2026 is dumb... Both platforms have pros and cons... Use whichever platform suits you better and mind your business.,neutral
"Whats stopping you from shifting to an iPhone? It has: better ecosystem, app quality is miles better, video quality is superior, superior software optimisation, social media apps run better, better gaming performance, better resale value, better customer support.",negative
Android  giving users options and tons of customisation potential. You dont even need third party apps,positive
"Im so confused between these [OPPO vs iPhone]... OPPO: Better photos... battery, charging... iPhone: Better third party apps, better videos, selfies, better ecosystem...",neutral
"Name an Android phone better than iPhone, I'll wait",negative
The fact is iPhone will always have the better app quality. Better 3rd party widgets/shortcuts... Android has better cameras but... android will never be able to match the app quality.,negative
"Flagship Android is miles better than iPhone. It offers: Superior software... way better gaming performance, leagues ahead of camera performance... fast wired & wireless charging, and an open ecosystem...",positive
iPhone 60hz >>>> Android 165hz... iPhone 1 camera > Android 10 cameras..,negative
Thats why iPhone wins over Android,negative
Design choice vs design philosophy. Android optimizes for information density and control. iOS optimizes for visual calm and restraint. One feels cluttered because its honest... The other feels clean because it hides the complexity. Neither is ugly. Theyre solving different problems.,neutral
I use iPhone and android as a daily driver... iPhone is best for security... UI stuff android is always better.,neutral
The new WhatsApp UI for calls is so much better. Larger and more spaced out buttons >>> Left: iOS Right: Android,negative
"The customisation available on android is sending me. Apple, Im not coming back anytime soon.
",positive
"Samsung phones are way better, the Galaxy Z Fold 6 is for mature people with easy and simple lifestyles.",positive
"iPhones have: most immersive speakers, amazing haptic feedback, best video recording, best ecosystem, longest software support, smoothest animations, better optimised apps... So why are you still using an Android?",negative
"The iPhone edges it out as the best herepolished ecosystem, buttery-smooth experience, and long-term reliability",negative
each of the device is good it depends on what you want. content shotting iphone is the best but in multitasking and customization samsung is the best,neutral
"I use both phones, and Ill tell you this for free.. Samsung is 100% Better than the iPhone.",positive
Both have their specific specialitiesmost people would pick Android over iPhone because its way more versatile... Others will choose iPhone cos of its unique features... better camera quality... so its not a matter of which is better but what suits your preference.,neutral
"iPhone, made by Samsung  noting shared components like future camera sensors, showing interdependence.",neutral
The adaptability of Android is its unique selling point... the only edge of iPhone was security but guess what they are even now...,positive
Both have their specific specialitiesmost people would pick Android over IPhone because its way more versatile... Others will choose iPhone cos of its unique features..,neutral
"I love Android... I like changing the shape of icons, configuring the top bar... new camera/battery tech that neither Apple nor Samsung uses yet. Bypass charging while gaming, 7000mAh, 120W charging...",positive
"Agreed 100%! Androids have been better all-around for years with more advanced hardware... and significantly better software. If you care about customizability, then choosing an Android over an iPhone is an easy decision.",positive
Both have their specific specialitiesmost people would pick Android over iPhone because its way more versatile unlike iPhone that has a difficult and more complex interface... Others will choose iPhone cos of its unique features and capabilities to handle more workload efficiently... better camera quality... better functionality and overall efficiency... so its not a matter of which is better but what suits your preference,neutral
"After using iOS for a week... inconveniences that made me switch back to Android: No clipboard, trash keyboard, no Circle to Search, multitasking I use a lot, battery anxiety...",positive
"It all depends on what you're looking for: Samsung highly customizable Google Pixel is the iPhone of Android iPhones are the no-muss-no-fuss option less customizable, but the UX is generally less buggy",neutral
"Agreed 100%! Androids have been better all-around for years with more advanced hardware... and significantly better software. If you care about customizability, then choosing an Android over an iPhone is an easy decision
",positive
"Camera, battery, Apple is better. Performance almost equal but performance per watt is still better on iPhone. UI smoothness? Samsung still behind",negative
In terms of privacy and security iOS is better but the allrounder is android only. Easy to use and also has many functions.,neutral
"Apple Music's new UI update... The UI still looks better on iOS, because the music player is not uniform on Android.",negative
iOS apps have wildly better haptics implementation... Android app has none,negative
Android and iOS work differently. iOS has no real multitasking... What youre getting is longer battery in a slimmer package,positive
"I love Android... I like changing the shape of icons, configuring the top bar... bypass charging while gaming, 7000mAh, 120W charging.",positive
"If you want apps on your phone to have iOS type of animations and visual effects, theres nothing to do but buying an iPhone",negative
"One big Android edge over iPhone: true customization. Swap launchers, icons, widgets, themes, even run custom ROMs for a phone that feels 100% yours. iOS keeps it locked down and uniform.",positive
OS-wise iOS is still the best OS that a mobile phone can have.,negative
iPhone literally has better customization than most Android phones (One UI Galaxy). Android phones COPY Apple's newest customization features..,negative
"Choosing between iPhone vs Android isnt about which is best, its about what suits YOU.",neutral
iPhone 4685mAH >>> Samsung 5000 mAh battery. iPhone 48 MP > Samsung's 200 MP. iPhones are pricey but still way ahead of Samsung in innovation tbh.,negative
As someone whos always switching between both? If youre looking for flexibility and getting more work done use an android androids are generally better than iPhones,positive
From someone that have used android and currently using iPhone. X on iPhone is better than Android. Its like using a different kind of app completely. Chat simply doesnt even work very well on Android!,negative
Both have their specific specialitiesmost people would pick Android over iPhone because its way more versatile... Others will choose iPhone cos of its unique features...,neutral
The UI/UX of Google apps are so much more better in iOS than in Android,negative
Only android is better than iOS in 2026,positive
Tweeting on iPhone is better any day anytime.,negative
In certain ways iOS is more satisfying to use. Haptics are way better implemented not only system wide but in third party apps. OTT apps works the best on iOS,negative
"Lol I've used both and I love them severally. Both have their own catch. Screen, battery, and OS flexibility for Samsung. Camera and speed for iPhone. Overall both are good...",neutral
Why are apps supposed to have Haptic Feedback/animations for everything like iOS? ...this is pathetic,positive
The coolest people don't argue about Android vs. iPhone and just use both.,neutral
"At this point Android is actually better than iOS. You should try using a modern device like Pixel 10. It's very smooth and amazing.
",positive
I think Android is better because it gives you a lot more options both in software & hardware. It offers different form factors..,neutral
"iPhone may have 10 different problems but its better than android any day in many ways. Plus if you use cautiously, you can use it for 5-7 years easily unlike android",negative
"Flagship Android is miles better than iPhone. It offers: Superior software way better gaming performance, leagues ahead of camera performance fast wired & wireless charging, and an open ecosystem",positive
"One big Android edge over iPhone: true customization. Swap launchers, icons, widgets, themes, even run custom ROMs for a phone that feels 100% yours. iOS keeps it locked down and uniform",positive
At this point Android is actually better than iOS. You should try using a modern device like Pixel 10. It's very smooth and amazing.,positive
Maturity is realizing Samsung is way better than iPhone,positive
"Android. Best. Even At the price range you find Iphone you find better Android phones like Samsung Galaxy S26 Ultra
",positive
"A Chinese user just showed an iPhone home screen that looks FULLY customizable like Android, Widgets, layouts, icons floating  freedom everything. Now the real question: Do you want Apple to go full Android-level customization? Even Android users dont go this far ",positive
"iPhone is best for security, encryption and less data sharing... UI stuff android is always better",neutral
"iPhones have: most immersive speakers, amazing haptic feedback, best video recording, best ecosystem, the largest number of accessories, MagSafe, longest software support, smoothest animations, best peak performance, better optimised apps, Apple Care+, Liquid glass. So why are you still using an Android?",negative
As someone whos always switching between both? If youre looking for flexibility and getting more work done... use an android... androids are generally better than iPhones,positive
iPhone over Samsung any day any time. If you want a better android get XIAOMI,neutral
"Samsung users are soo cocky, like bro come off it, I dont see any ANDROID better than iPhone in the next CENTURY",negative
From someone that have used android and currently using iPhone. X on iPhone is better than Android... Chat simply doesnt even work very well on Android!,negative
Team Samsung! 1. Deeper customizationAndroid lets you tweak everything iOS locks down. 2. Better multitasking with split-screen and floating apps. 3. Superior hardware value... 4. Advanced cameras with higher zoom... 5. Open ecosystem...,positive
"One big Android edge over iPhone: true customization iOS keeps it locked down The iPhone edges it out as the best herepolished ecosystem, buttery-smooth experience",neutral
"Android no get level... Customization? My Android can change its entire look, tweak settings, and run multiple apps in split-screen. Your iPhone? Same UI since 2010... Android users upgrading with options from budget to foldables.",positive
"Android users, youre probably paying something called Android Tax every single day... Worse app optimisation vs iOS, Missing features & delayed updates, New apps launching on iPhone first",negative
"iOS apps have wildly better haptics implementation... haptic feedback when liking, reloading... Android app has none.",negative
What I LOVE about the stock iOS customization is that it applies to EVERY app and widget Im seriously curious when Android will be able to do this by default,negative
iPhones are LITERALLY the definition of mediocrity... You buy an iPhone when you want to be a sheep... You buy an android when you want customizability and creativity,positive
I switched from iPhone to Android and never looked back. I dont want Apple controlling how I use my phone. Android offers more flexibility..,positive
Both have their specific specialitiesmost people would pick Android over iPhone because its way more versatile Others will choose iPhone cos of its unique features better camera quality so its not a matter of which is better but what suits your preference,neutral
"As someone whos always switching between both? If youre looking for flexibility and getting more work done... use an android. If youre looking for seamless integration and optimization of apps with simple but functional UI, use an iPhone. They both have their advantages and disadvantages but... androids are generally better than iPhones.",neutral
I think almost all apps are better on ios than android.,negative
"Deeper customization via One UI 8.5... tweak everything from icons to multitasking, while iOS stays more locked down. Larger batteries, faster charging, S Pen for productivity...",positive
"There's nothing genuine you can do with an iPhone that you can't do with Android. If you buy the right Android, it's more efficient",negative
"I have both Apple and Android devices and currently I've been loving the new Android beta X version. It's faster, Less buggy, Smoother... At this point I may say it's better than iOS!",positive
In terms of features Android is years ahead from iOS..,positive
The UI/UX of Google apps are so much more better in iOS than in Android.,negative
"Until you use Samsung youll think iPhone is better 
",positive
Wake me up when Android or Samsung have iOS 26 level of Perfection and Animations,negative
iPhone is better than so many android while some android phones are better than it. You shouldn't even compare iPhone to Samsung...,negative
